#_underworld,#_underworld,#_underworld,#_underworld,#_underworld,#_underworld,#_underworld,#_underworld,#_underworld,#_underworld,#_underworld,#_underworld,#_underworld,#_underworld,#_underworld,#_underworld
#_underworld,#_underworld,#_underworld,#_underworld,#_underworld,#_underworld,#_underworld,#_underworld,#_underworld,#_underworld,#_underworld,#_underworld,#_underworld,#_underworld,#_underworld,#_underworld
#_underworld,#_underworld,#_cave,#_cave,#_cave,#_cave,#_cave,#_cave,#_cave,#_cave,#_cave,#_cave,#_cave,#_cave,#_underworld,#_underworld
#_underworld,#_underworld,#_cave,#_cave,#_cave,#_cave,#_cave,#_cave,#_cave,#_cave,#_cave,#_cave,#_cave,#_cave,#_underworld,#_underworld
#_underworld,#_underworld,#_cave,#_cave,#_cave,#_cave,#_cave,#_cave,#_cave,#_cave,#_cave,#_cave,#_cave,#_cave,#_underworld,#_underworld
#_underworld,#_underworld,,,,,,,,,,,,,#_underworld,#_underworld
#_underworld,#_underworld,,,,,,,,,,,,,#_underworld,#_underworld
#_underworld,#_underworld,,,,,,,,,,,,,#_underworld,#_underworld
#_underworld,#_underworld,,,,,,,,,,,,,#_underworld,#_underworld
#_underworld,#_underworld,#_underworld+,#_underworld+,#_underworld+,#_underworld+,#_underworld+,,,#_underworld+,#_underworld+,#_underworld+,#_underworld+,#_underworld+,#_underworld,#_underworld
#_underworld,#_underworld,#_underworld,#_underworld,#_underworld,#_underworld,#_underworld,,,#_underworld,#_underworld,#_underworld,#_underworld,#_underworld,#_underworld,#_underworld